file,expected,IKOS,Goblint,goblint_reason
c/goblint-regression/00-sanity_09-include.c,false,Race,Race,
c/goblint-regression/02-base_24-malloc_races.c,false,Race,Race,
c/goblint-regression/02-base_25-malloc_race_cp.c,false,Race,Race,
c/goblint-regression/02-base_26-malloc_struct.c,false,Race,Race,
c/goblint-regression/03-practical_07-nonterm.c,false,Race,Race,
c/goblint-regression/03-practical_08-nonterm1.c,false,Race,Race,
c/goblint-regression/03-practical_15-exit_problems.c,false,Race,Race,
c/goblint-regression/04-mutex_01-simple_rc.c,false,Race,Race,
c/goblint-regression/04-mutex_02-simple_nr.c,true,Safe,Safe,
c/goblint-regression/04-mutex_03-munge_rc.c,false,Race,Race,
c/goblint-regression/04-mutex_04-munge_nr.c,true,Safe,Safe,
c/goblint-regression/04-mutex_05-lockfuns.c,true,Safe,Timeout,timeout
c/goblint-regression/04-mutex_06-ps_rc.c,false,Race,Race,
c/goblint-regression/04-mutex_07-ps_nr.c,true,Safe,Safe,
c/goblint-regression/04-mutex_09-ptrmunge_rc.c,false,Race,Race,
c/goblint-regression/04-mutex_10-ptrmunge_nr.c,true,Safe,Safe,
c/goblint-regression/04-mutex_11-ptr_rc.c,false,Race,Race,
c/goblint-regression/04-mutex_12-ptr_nr.c,true,Safe,Safe,
c/goblint-regression/04-mutex_14-funarg_rc.c,false,Race,Race,
c/goblint-regression/04-mutex_15-funarg_nr.c,true,Safe,Safe,
c/goblint-regression/04-mutex_16-ps_add1_rc.c,false,Race,Race,
c/goblint-regression/04-mutex_17-ps_add1_nr.c,true,Safe,Safe,
c/goblint-regression/04-mutex_18-glob_guards.c,true,Safe,Safe,
c/goblint-regression/04-mutex_19-call_by_ptr_rc.c,false,Race,Race,
c/goblint-regression/04-mutex_20-stdfun_rc.c,false,Race,Race,
c/goblint-regression/04-mutex_21-sound_base.c,false,Race,Race,
c/goblint-regression/04-mutex_22-deref_read.c,true,Safe,Safe,
c/goblint-regression/04-mutex_23-sound_unlock.c,false,Race,Race,
c/goblint-regression/04-mutex_24-sound_lock.c,false,Race,Race,
c/goblint-regression/04-mutex_25-single_acc.c,false,Race,Race,
c/goblint-regression/04-mutex_27-base_rc.c,false,Race,Race,
c/goblint-regression/04-mutex_28-base_nr.c,true,Safe,Safe,
c/goblint-regression/04-mutex_35-trylock_rc.c,false,Race,Race,
c/goblint-regression/04-mutex_36-trylock_nr.c,true,Error,ParseError,"Fatal error: exception Goblint_lib__Maingoblint.FrontendError(""Errormsg.Error"")"
c/goblint-regression/04-mutex_37-indirect_rc.c,false,Race,Race,
c/goblint-regression/04-mutex_38-indexing_malloc.c,false,Race,Race,
c/goblint-regression/04-mutex_41-pt_rwlock.c,true,Safe,Safe,
c/goblint-regression/04-mutex_42-trylock_2mutex.c,true,Safe,Safe,
c/goblint-regression/04-mutex_43-thread_create_nr.c,true,Safe,Safe,
c/goblint-regression/04-mutex_44-malloc_sound.c,false,Race,Race,
c/goblint-regression/04-mutex_45-escape_rc.c,false,Race,Race,
c/goblint-regression/04-mutex_46-escape_nr.c,true,Safe,Safe,
c/goblint-regression/04-mutex_47-fun_write.c,false,Race,Race,
c/goblint-regression/04-mutex_50-funptr_rc.c,false,Race,Race,
c/goblint-regression/04-mutex_51-mutex_ptr.c,true,Safe,Safe,
c/goblint-regression/04-mutex_54-pt_rwlock_ww.c,true,Safe,Safe,
c/goblint-regression/04-mutex_55-pt_rwlock_rr.c,false,Race,Race,
c/goblint-regression/05-lval_ls_01-idx_rc.c,false,Race,Race,
c/goblint-regression/05-lval_ls_02-idx_nr.c,true,Safe,Safe,
c/goblint-regression/05-lval_ls_03-fld_rc.c,false,Race,Race,
c/goblint-regression/05-lval_ls_04-fld_nr.c,true,Safe,Safe,
c/goblint-regression/05-lval_ls_05-glob_idx_rc.c,false,Race,Race,
c/goblint-regression/05-lval_ls_07-glob_fld_rc.c,false,Race,Race,
c/goblint-regression/05-lval_ls_08-glob_fld_2_rc.c,false,Race,Race,
c/goblint-regression/05-lval_ls_09-idxsense_rc.c,false,Race,Race,
c/goblint-regression/05-lval_ls_11-fldsense_rc.c,false,Race,Race,
c/goblint-regression/05-lval_ls_12-fldsense_nr.c,true,Safe,Safe,
c/goblint-regression/05-lval_ls_13-idxunknown_lock.c,false,Race,Race,
c/goblint-regression/05-lval_ls_14-idxunknown_access.c,false,Race,Race,
c/goblint-regression/05-lval_ls_15-fldunknown_access.c,false,Race,Race,
c/goblint-regression/05-lval_ls_16-idxunknown_unlock.c,false,Race,Race,
c/goblint-regression/06-symbeq_02-funloop_norace.c,true,Safe,Safe,
c/goblint-regression/06-symbeq_03-funloop_simple.c,false,Race,Race,
c/goblint-regression/06-symbeq_04-funloop_hard1.c,false,Race,Race,
c/goblint-regression/06-symbeq_05-funloop_hard2.c,true,Safe,Safe,
c/goblint-regression/06-symbeq_06-tricky_address1.c,true,Safe,Safe,
c/goblint-regression/06-symbeq_07-tricky_address2.c,true,Safe,Safe,
c/goblint-regression/06-symbeq_08-tricky_address3.c,true,Safe,Safe,
c/goblint-regression/06-symbeq_09-tricky_address4.c,false,Race,Race,
c/goblint-regression/06-symbeq_10-equ_rc.c,false,Race,Race,
c/goblint-regression/06-symbeq_11-equ_nr.c,true,Safe,Safe,
c/goblint-regression/06-symbeq_13-equ_proc_nr.c,true,Safe,Safe,
c/goblint-regression/06-symbeq_14-list_entry_rc.c,true,Race,Race,
c/goblint-regression/06-symbeq_15-list_entry_nr.c,true,Safe,Safe,
c/goblint-regression/06-symbeq_23-idxsense_nr.c,true,Safe,Safe,
c/goblint-regression/09-regions_01-list_rc.c,false,Race,Race,
c/goblint-regression/09-regions_02-list_nr.c,true,Safe,Race,
c/goblint-regression/09-regions_03-list2_rc.c,false,Race,Race,
c/goblint-regression/09-regions_04-list2_nr.c,true,Safe,Race,
c/goblint-regression/09-regions_05-ptra_rc.c,false,Race,Race,
c/goblint-regression/09-regions_06-ptra_nr.c,true,Safe,Safe,
c/goblint-regression/09-regions_09-arraylist.c,true,Safe,Safe,
c/goblint-regression/09-regions_10-arraylist_rc.c,false,Race,Race,
c/goblint-regression/09-regions_11-arraylist_nr.c,true,Safe,Race,
c/goblint-regression/09-regions_12-arraycollapse_rc.c,true,Race,Race,
c/goblint-regression/09-regions_13-arraycollapse_nr.c,true,Safe,Race,
c/goblint-regression/09-regions_16-arrayloop_rc.c,false,Race,Race,
c/goblint-regression/09-regions_17-arrayloop_nr.c,true,Safe,Race,
c/goblint-regression/09-regions_18-nested_rc.c,false,Race,Race,
c/goblint-regression/09-regions_19-nested_nr.c,true,Safe,Race,
c/goblint-regression/09-regions_20-arrayloop2_rc.c,false,Race,Race,
c/goblint-regression/09-regions_21-arrayloop2_nr.c,true,Safe,Race,
c/goblint-regression/09-regions_22-nocollapse.c,true,Safe,Race,
c/goblint-regression/09-regions_23-evilcollapse_rc.c,false,Race,Race,
c/goblint-regression/09-regions_24-evilcollapse_nr.c,true,Safe,Race,
c/goblint-regression/09-regions_26-alloc_region_rc.c,false,Race,Race,
c/goblint-regression/09-regions_28-list2alloc.c,false,Race,Race,
c/goblint-regression/10-synch_01-thread_unique.c,true,Safe,Safe,
c/goblint-regression/10-synch_02-thread_nonunique.c,false,Race,Race,
c/goblint-regression/10-synch_03-two_unique.c,true,Safe,Safe,
c/goblint-regression/13-privatized_01-priv_nr_true.c,true,Safe,Safe,
c/goblint-regression/13-privatized_03-priv_inv.c,true,Safe,Safe,
c/goblint-regression/13-privatized_04-priv_multi_true.c,true,Safe,Safe,
c/goblint-regression/13-privatized_18-first-reads_true.c,true,Safe,Safe,
c/goblint-regression/13-privatized_18-first-reads_unknown_1_neg.c,true,Safe,Safe,
c/goblint-regression/13-privatized_18-first-reads_unknown_1_pos.c,true,Safe,Safe,
c/goblint-regression/13-privatized_18-first-reads_unknown_2_neg.c,true,Safe,Safe,
c/goblint-regression/13-privatized_18-first-reads_unknown_2_pos.c,true,Safe,Safe,
c/goblint-regression/13-privatized_19-publish-precision_true.c,true,Safe,Safe,
c/goblint-regression/13-privatized_19-publish-precision_unknown_1_neg.c,true,Safe,Safe,
c/goblint-regression/13-privatized_19-publish-precision_unknown_1_pos.c,true,Safe,Safe,
c/goblint-regression/13-privatized_19-publish-precision_unknown_2_neg.c,true,Safe,Safe,
c/goblint-regression/13-privatized_19-publish-precision_unknown_2_pos.c,true,Safe,Safe,
c/goblint-regression/13-privatized_20-publish-regression_true.c,true,Safe,Safe,
c/goblint-regression/13-privatized_24-multiple-protecting_true.c,true,Safe,Safe,
c/goblint-regression/13-privatized_25-struct_nr_true.c,true,Safe,Safe,
c/goblint-regression/13-privatized_27-multiple-protecting2_true.c,true,Safe,Safe,
c/goblint-regression/13-privatized_29-multiple-protecting2-vesal_true.c,true,Safe,Safe,
c/goblint-regression/13-privatized_30-traces-oplus-vs-meet_true.c,true,Safe,Safe,
c/goblint-regression/13-privatized_31-traces-mine-vs-mutex_true.c,true,Safe,Safe,
c/goblint-regression/13-privatized_32-traces-mine-vs-oplus-vs-meet_true.c,true,Safe,Safe,
c/goblint-regression/13-privatized_33-traces-v-matters_true.c,true,Safe,Safe,
c/goblint-regression/13-privatized_34-traces-minepp-L-needs-to-be-um_true.c,true,Safe,Safe,
c/goblint-regression/13-privatized_35-traces-ex-2_true.c,true,Safe,Safe,
c/goblint-regression/13-privatized_36-traces-ex-3_true.c,true,Safe,Safe,
c/goblint-regression/13-privatized_37-traces-ex-4_true.c,true,Safe,Safe,
c/goblint-regression/13-privatized_38-traces-ex-4-switch_true.c,true,Safe,Safe,
c/goblint-regression/13-privatized_40-traces-ex-6_true.c,true,Race,Race,
c/goblint-regression/13-privatized_41-traces-ex-7_unknown_1_neg.c,true,Safe,Safe,
c/goblint-regression/13-privatized_41-traces-ex-7_unknown_1_pos.c,true,Safe,Safe,
c/goblint-regression/13-privatized_42-traces-ex-mini_true.c,true,Safe,Safe,
c/goblint-regression/13-privatized_44-traces-mine2_true.c,true,Safe,Safe,
c/goblint-regression/13-privatized_45-traces-per-global-and-current-lock-mine-incomparable_true.c,true,Safe,Safe,
c/goblint-regression/13-privatized_46-refine-protected1_true.c,true,Safe,Safe,
c/goblint-regression/13-privatized_47-refine-protected2_true.c,true,Safe,Safe,
c/goblint-regression/13-privatized_52-refine-protected-loop2-small_true.c,true,Safe,Safe,
c/goblint-regression/13-privatized_57-singlethreaded-unlock_true.c,true,Safe,Safe,
c/goblint-regression/13-privatized_58-singlethreaded-lock_true.c,true,Safe,Safe,
c/goblint-regression/13-privatized_66-mine-W-init_true.c,true,Safe,Safe,
c/goblint-regression/13-privatized_67-pthread_cond_wait_true.c,true,Safe,Safe,
c/goblint-regression/13-privatized_67-pthread_cond_wait_unknown_1_neg.c,true,Safe,Safe,
c/goblint-regression/13-privatized_67-pthread_cond_wait_unknown_1_pos.c,true,Safe,Safe,
c/goblint-regression/13-privatized_68-pfscan_protected_loop_minimal_interval_true.c,true,Safe,Safe,
c/goblint-regression/13-privatized_69-refine-protected-loop-interval_true.c,true,Safe,Safe,
c/goblint-regression/28-race_reach_01-simple_racing.c,true,Safe,Safe,
c/goblint-regression/28-race_reach_02-simple_racefree.c,true,Safe,Safe,
c/goblint-regression/28-race_reach_03-munge_racing.c,true,Safe,Safe,
c/goblint-regression/28-race_reach_04-munge_racefree.c,true,Safe,Safe,
c/goblint-regression/28-race_reach_05-lockfuns_racefree.c,true,Safe,Safe,
c/goblint-regression/28-race_reach_06-cond_racing1.c,true,Safe,Safe,
c/goblint-regression/28-race_reach_07-cond_racing2.c,true,Safe,Safe,
c/goblint-regression/28-race_reach_08-cond_racefree.c,true,Safe,Safe,
c/goblint-regression/28-race_reach_09-ptrmunge_racing.c,true,Safe,Safe,
c/goblint-regression/28-race_reach_10-ptrmunge_racefree.c,true,Safe,Safe,
c/goblint-regression/28-race_reach_11-ptr_racing.c,true,Safe,Safe,
c/goblint-regression/28-race_reach_12-ptr_racefree.c,true,Safe,Safe,
c/goblint-regression/28-race_reach_19-callback_racing.c,true,Safe,Safe,
c/goblint-regression/28-race_reach_20-callback_racefree.c,true,Safe,Safe,
c/goblint-regression/28-race_reach_21-deref_read_racing.c,true,Safe,Safe,
c/goblint-regression/28-race_reach_22-deref_read_racefree.c,true,Safe,Safe,
c/goblint-regression/28-race_reach_23-sound_unlock_racing.c,true,Safe,Safe,
c/goblint-regression/28-race_reach_24-sound_lock_racing.c,true,Safe,Safe,
c/goblint-regression/28-race_reach_27-funptr_racing.c,true,Safe,Safe,
c/goblint-regression/28-race_reach_28-funptr_racefree.c,true,Safe,Safe,
c/goblint-regression/28-race_reach_36-indirect_racefree.c,true,Safe,Safe,
c/goblint-regression/28-race_reach_37-indirect_racing.c,true,Safe,Safe,
c/goblint-regression/28-race_reach_40-trylock_racing.c,true,Safe,Safe,
c/goblint-regression/28-race_reach_41-trylock_racefree.c,true,Safe,Safe,
c/goblint-regression/28-race_reach_42-trylock2_racefree.c,true,Safe,Safe,
c/goblint-regression/28-race_reach_45-escape_racing.c,true,Safe,Safe,
c/goblint-regression/28-race_reach_46-escape_racefree.c,true,Safe,Safe,
c/goblint-regression/28-race_reach_51-mutexptr_racefree.c,true,Safe,Safe,
c/goblint-regression/28-race_reach_60-invariant_racefree.c,true,Safe,Safe,
c/goblint-regression/28-race_reach_61-invariant_racing-2.c,false,Race,Race,
c/goblint-regression/28-race_reach_61-invariant_racing.c,true,Safe,Safe,
c/goblint-regression/28-race_reach_70-funloop_racefree.c,true,Safe,Safe,
c/goblint-regression/28-race_reach_71-funloop_racing.c,true,Safe,Safe,
c/goblint-regression/28-race_reach_72-funloop_hard_racing.c,true,Safe,Safe,
c/goblint-regression/28-race_reach_73-funloop_hard_racefree.c,true,Safe,Safe,
c/goblint-regression/28-race_reach_74-tricky_address1_racefree.c,true,Safe,Safe,
c/goblint-regression/28-race_reach_75-tricky_address2_racefree.c,true,Safe,Safe,
c/goblint-regression/28-race_reach_76-tricky_address3_racefree.c,true,Safe,Safe,
c/goblint-regression/28-race_reach_77-tricky_address4_racing.c,true,Safe,Safe,
c/goblint-regression/28-race_reach_78-equ_racing.c,true,Safe,Safe,
c/goblint-regression/28-race_reach_79-equ_racefree.c,true,Safe,Safe,
c/goblint-regression/28-race_reach_81-list_racing.c,true,Race,Race,
c/goblint-regression/28-race_reach_82-list_racefree.c,true,Race,Race,
c/goblint-regression/28-race_reach_83-list2_racing1.c,true,Race,Race,
c/goblint-regression/28-race_reach_84-list2_racing2.c,true,Race,Race,
c/goblint-regression/28-race_reach_85-list2_racefree.c,true,Race,Race,
c/goblint-regression/28-race_reach_86-lists_racing.c,true,Race,Race,
c/goblint-regression/28-race_reach_87-lists_racefree.c,true,Race,Race,
c/goblint-regression/28-race_reach_90-arrayloop2_racing.c,true,Race,Safe,
c/goblint-regression/28-race_reach_91-arrayloop2_racefree.c,true,Safe,Safe,
c/goblint-regression/28-race_reach_92-evilcollapse_racing.c,true,Race,Safe,
c/goblint-regression/28-race_reach_93-evilcollapse_racefree.c,true,Safe,Safe,
c/goblint-regression/28-race_reach_94-alloc_region_racing.c,true,Race,Race,
c/goblint-regression/36-apron_11-traces-max-simple_true.c,true,Safe,Safe,
c/goblint-regression/36-apron_16-traces-unprot2_true.c,true,Safe,Safe,
c/goblint-regression/36-apron_17-traces-rpb-litmus_unknown_1_neg.c,true,Safe,Safe,
c/goblint-regression/36-apron_17-traces-rpb-litmus_unknown_1_pos.c,true,Safe,Safe,
c/goblint-regression/36-apron_21-traces-cluster-based_true.c,true,Safe,Safe,
c/goblint-regression/36-apron_22-traces-write-centered-vs-meet-mutex_true_no-overflow.c,true,Safe,Safe,
c/goblint-regression/36-apron_41-threadenter-no-locals_unknown_1_neg.c,true,Safe,Safe,
c/goblint-regression/36-apron_41-threadenter-no-locals_unknown_1_pos.c,true,Safe,Safe,
c/ldv-linux-3.14-races/linux-3.14--drivers--media--platform--marvell-ccic--cafe_ccic.ko.cil-1.i,true,Race,Race,
c/ldv-linux-3.14-races/linux-3.14--drivers--media--platform--marvell-ccic--cafe_ccic.ko.cil-2.c,true,Race,Race,
c/ldv-linux-3.14-races/linux-3.14--drivers--net--irda--nsc-ircc.ko.cil.c,true,Race,Race,
c/ldv-linux-3.14-races/linux-3.14--drivers--net--irda--w83977af_ir.ko.cil.c,true,Race,Race,
c/ldv-linux-3.14-races/linux-3.14--drivers--spi--spi-tegra20-slink.ko.cil.c,true,Race,Race,
c/ldv-linux-3.14-races/linux-3.14--drivers--usb--misc--adutux.ko.cil.c,true,Race,Race,
c/ldv-races/race-1_1-join.c,true,Race,Race,
c/ldv-races/race-1_2-join.c,true,Race,Race,
c/ldv-races/race-1_2b-join.c,false,Race,Race,
c/ldv-races/race-1_3-join.c,true,Race,Race,
c/ldv-races/race-1_3b-join.c,false,Race,Race,
c/ldv-races/race-2_1-container_of.c,true,Race,Race,
c/ldv-races/race-2_2-container_of.c,true,Race,Race,
c/ldv-races/race-2_2b-container_of.c,false,Race,Race,
c/ldv-races/race-2_3-container_of.c,true,Race,Race,
c/ldv-races/race-2_3b-container_of.c,false,Race,Race,
c/ldv-races/race-2_4-container_of.c,true,Race,Race,
c/ldv-races/race-2_4b-container_of.c,false,Race,Race,
c/ldv-races/race-2_5-container_of.c,true,Race,Race,
c/ldv-races/race-2_5b-container_of.c,false,Race,Race,
c/ldv-races/race-3_1-container_of-global.c,true,Race,Race,
c/ldv-races/race-3_2-container_of-global.c,true,Race,Race,
c/ldv-races/race-3_2b-container_of-global.c,false,Race,Race,
c/ldv-races/race-4_1-thread_local_vars.c,true,Race,Race,
c/ldv-races/race-4_2-thread_local_vars.c,false,Race,Race,
c/libvsync/arraylock.i,true,Race,Race,
c/libvsync/bounded_mpmc_check_full.i,true,Race,Race,
c/libvsync/bounded_spsc.i,false,Race,Race,
c/libvsync/caslock.i,false,Race,Race,
c/libvsync/cnalock.i,true,Race,Race,vulnerable memory locations = 2
c/libvsync/hclhlock.i,true,Safe,Race,
c/libvsync/hemlock.i,false,Race,Race,vulnerable memory locations = 2
c/libvsync/hmcslock.i,true,Race,Race,vulnerable memory locations = 3
c/libvsync/mcslock.i,true,Race,Race,vulnerable memory locations = 2
c/libvsync/rec_mcslock.i,true,Race,Race,vulnerable memory locations = 2
c/libvsync/rec_spinlock.i,false,Race,Race,
c/libvsync/rec_ticketlock.i,true,Race,Race,
c/libvsync/rwlock.i,true,Race,Race,
c/libvsync/semaphore.i,true,Safe,Race,
c/libvsync/ticketlock.i,true,Race,Race,
c/libvsync/ttaslock.i,true,Race,Race,
c/libvsync/twalock.i,false,Race,Race,
c/pthread-C-DAC/pthread-demo-datarace-1.c,true,Safe,Race,
c/pthread-C-DAC/pthread-demo-datarace-2.c,false,Race,Race,
c/pthread-C-DAC/pthread-demo-datarace-3.c,true,Safe,Race,
c/pthread-C-DAC/pthread-finding-k-matches.c,true,Race,Race,
c/pthread-C-DAC/pthread-numerical-integration.c,true,Safe,Race,
c/pthread-atomic/dekker-b-unfair.c,false,Race,Race,
c/pthread-atomic/dekker-b.c,false,Race,Race,
c/pthread-atomic/dekker-unfair.c,true,Race,Race,
c/pthread-atomic/dekker.c,true,Race,Race,
c/pthread-atomic/gcd-2.c,false,Race,Race,
c/pthread-atomic/lamport-b.c,false,Race,Race,
c/pthread-atomic/lamport.c,true,Race,Race,
c/pthread-atomic/peterson-b.c,false,Race,Race,
c/pthread-atomic/peterson.c,true,Race,Race,
c/pthread-atomic/qrcu-1.c,false,Race,Race,
c/pthread-atomic/qrcu-2.c,false,Race,Race,
c/pthread-atomic/read_write_lock-1.c,true,Safe,Safe,
c/pthread-atomic/read_write_lock-1b.c,false,Race,Race,
c/pthread-atomic/read_write_lock-2.c,true,Race,Safe,
c/pthread-atomic/read_write_lock-2b.c,false,Race,Race,
c/pthread-atomic/scull.c,false,Race,Race,
c/pthread-atomic/szymanski-b.c,false,Race,Race,
c/pthread-atomic/szymanski.c,true,Race,Race,
c/pthread-atomic/time_var_mutex.c,true,Race,Race,
c/pthread-complex/bounded_buffer.c,true,Race,Race,
c/pthread-complex/elimination_backoff_stack-race.c,false,Race,Race,
c/pthread-complex/elimination_backoff_stack.c,true,Race,Race,
c/pthread-complex/safestack_relacy.c,true,Safe,Race,
c/pthread-complex/safestack_relacy_racy.c,false,Race,Race,
c/pthread-complex/workstealqueue_mutex-1.c,false,Race,Timeout,timeout
c/pthread-complex/workstealqueue_mutex-2.c,true,Race,Timeout,timeout
c/pthread-deagle/airline-10.c,false,Race,Race,
c/pthread-deagle/airline-15.c,false,Race,Race,
c/pthread-deagle/airline-20.c,false,Race,Race,
c/pthread-deagle/airline-25.c,false,Race,Race,
c/pthread-deagle/airline-5.c,false,Race,Race,
c/pthread-deagle/arithmetic_prog_bad.c,true,Race,Race,
c/pthread-deagle/arithmetic_prog_ok.c,true,Race,Race,
c/pthread-deagle/circular_buffer_bad.c,true,Safe,Safe,
c/pthread-deagle/circular_buffer_ok.c,true,Safe,Safe,
c/pthread-deagle/floating_read-10.c,false,Race,Race,
c/pthread-deagle/floating_read-15.c,false,Race,Race,
c/pthread-deagle/floating_read-20.c,false,Race,Race,
c/pthread-deagle/floating_read-25.c,false,Race,Race,
c/pthread-deagle/floating_read-5.c,false,Race,Race,
c/pthread-deagle/reorder_c11_bad-10.c,false,Race,Race,
c/pthread-deagle/reorder_c11_bad-20.c,false,Race,Race,
c/pthread-deagle/reorder_c11_bad-30.c,false,Race,Race,
c/pthread-deagle/reorder_c11_bad-40.c,false,Race,Race,
c/pthread-deagle/reorder_c11_bad-50.c,false,Race,Race,
c/pthread-deagle/reorder_c11_good-10.c,false,Race,Race,
c/pthread-deagle/reorder_c11_good-20.c,false,Race,Race,
c/pthread-deagle/reorder_c11_good-30.c,false,Race,Race,
c/pthread-deagle/reorder_c11_good-40.c,false,Race,Race,
c/pthread-deagle/reorder_c11_good-50.c,false,Race,Race,
c/pthread-divine/barrier_2t.c,false,Race,Race,
c/pthread-divine/barrier_3t.c,false,Race,Race,
c/pthread-divine/condvar.c,false,Race,Race,
c/pthread-divine/condvar_spurious_wakeup.c,false,Race,Race,
c/pthread-divine/divinefifo-bug_1w1r.c,false,Race,Race,
c/pthread-divine/divinefifo_1w1r.c,false,Race,Race,
c/pthread-divine/one_time_barrier_2t.c,false,Race,Race,
c/pthread-divine/one_time_barrier_3t.c,false,Race,Race,
c/pthread-divine/one_time_barrier_twice_2t.c,false,Race,Race,
c/pthread-divine/one_time_barrier_twice_3t.c,false,Race,Race,
c/pthread-divine/ring_1w1r-1.c,false,Race,Race,
c/pthread-divine/ring_1w1r-2.c,false,Race,Race,
c/pthread-divine/ring_2w1r-1.c,false,Race,Race,
c/pthread-divine/ring_2w1r-2.c,false,Race,Race,
c/pthread-divine/tls_basic.c,true,Safe,Race,vulnerable memory locations = 1
c/pthread-divine/tls_destructor_worker.c,true,Safe,Race,vulnerable memory locations = 1
c/pthread-driver-races/char_generic_nvram_nvram_unlocked_ioctl_write_nvram.c,true,Error,ParseError,"Fatal error: exception Goblint_lib__Maingoblint.FrontendError(""preprocessor terminated with exit code 1: 'cpp' '--std=gn"
c/pthread-driver-races/char_generic_nvram_read_nvram_nvram_unlocked_ioctl.c,true,Error,ParseError,"Fatal error: exception Goblint_lib__Maingoblint.FrontendError(""preprocessor terminated with exit code 1: 'cpp' '--std=gn"
c/pthread-driver-races/char_generic_nvram_read_nvram_write_nvram-race.c,false,Error,ParseError,"Fatal error: exception Goblint_lib__Maingoblint.FrontendError(""preprocessor terminated with exit code 1: 'cpp' '--std=gn"
c/pthread-driver-races/char_generic_nvram_read_nvram_write_nvram.c,true,Error,ParseError,"Fatal error: exception Goblint_lib__Maingoblint.FrontendError(""preprocessor terminated with exit code 1: 'cpp' '--std=gn"
c/pthread-driver-races/char_pc8736x_gpio_pc8736x_gpio_change_pc8736x_gpio_configure.c,true,Error,ParseError,"Fatal error: exception Goblint_lib__Maingoblint.FrontendError(""preprocessor terminated with exit code 1: 'cpp' '--std=gn"
c/pthread-driver-races/char_pc8736x_gpio_pc8736x_gpio_change_pc8736x_gpio_current-race.c,false,Error,ParseError,"Fatal error: exception Goblint_lib__Maingoblint.FrontendError(""preprocessor terminated with exit code 1: 'cpp' '--std=gn"
c/pthread-driver-races/char_pc8736x_gpio_pc8736x_gpio_change_pc8736x_gpio_current.c,true,Error,ParseError,"Fatal error: exception Goblint_lib__Maingoblint.FrontendError(""preprocessor terminated with exit code 1: 'cpp' '--std=gn"
c/pthread-driver-races/char_pc8736x_gpio_pc8736x_gpio_change_pc8736x_gpio_get.c,true,Error,ParseError,"Fatal error: exception Goblint_lib__Maingoblint.FrontendError(""preprocessor terminated with exit code 1: 'cpp' '--std=gn"
c/pthread-driver-races/char_pc8736x_gpio_pc8736x_gpio_change_pc8736x_gpio_set-race.c,false,Error,ParseError,"Fatal error: exception Goblint_lib__Maingoblint.FrontendError(""preprocessor terminated with exit code 1: 'cpp' '--std=gn"
c/pthread-driver-races/char_pc8736x_gpio_pc8736x_gpio_change_pc8736x_gpio_set.c,true,Error,ParseError,"Fatal error: exception Goblint_lib__Maingoblint.FrontendError(""preprocessor terminated with exit code 1: 'cpp' '--std=gn"
c/pthread-driver-races/char_pc8736x_gpio_pc8736x_gpio_configure_pc8736x_gpio_current.c,true,Error,ParseError,"Fatal error: exception Goblint_lib__Maingoblint.FrontendError(""preprocessor terminated with exit code 1: 'cpp' '--std=gn"
c/pthread-driver-races/char_pc8736x_gpio_pc8736x_gpio_configure_pc8736x_gpio_get.c,true,Error,ParseError,"Fatal error: exception Goblint_lib__Maingoblint.FrontendError(""preprocessor terminated with exit code 1: 'cpp' '--std=gn"
c/pthread-driver-races/char_pc8736x_gpio_pc8736x_gpio_configure_pc8736x_gpio_set.c,true,Error,ParseError,"Fatal error: exception Goblint_lib__Maingoblint.FrontendError(""preprocessor terminated with exit code 1: 'cpp' '--std=gn"
c/pthread-driver-races/char_pc8736x_gpio_pc8736x_gpio_current_pc8736x_gpio_get.c,true,Error,ParseError,"Fatal error: exception Goblint_lib__Maingoblint.FrontendError(""preprocessor terminated with exit code 1: 'cpp' '--std=gn"
c/pthread-driver-races/char_pc8736x_gpio_pc8736x_gpio_current_pc8736x_gpio_set-race.c,false,Error,ParseError,"Fatal error: exception Goblint_lib__Maingoblint.FrontendError(""preprocessor terminated with exit code 1: 'cpp' '--std=gn"
c/pthread-driver-races/char_pc8736x_gpio_pc8736x_gpio_current_pc8736x_gpio_set.c,true,Error,ParseError,"Fatal error: exception Goblint_lib__Maingoblint.FrontendError(""preprocessor terminated with exit code 1: 'cpp' '--std=gn"
c/pthread-driver-races/char_pc8736x_gpio_pc8736x_gpio_get_pc8736x_gpio_set.c,true,Error,ParseError,"Fatal error: exception Goblint_lib__Maingoblint.FrontendError(""preprocessor terminated with exit code 1: 'cpp' '--std=gn"
c/pthread-driver-races/char_pc8736x_gpio_pc8736x_gpio_open_pc8736x_gpio_change.c,true,Error,ParseError,"Fatal error: exception Goblint_lib__Maingoblint.FrontendError(""preprocessor terminated with exit code 1: 'cpp' '--std=gn"
c/pthread-driver-races/char_pc8736x_gpio_pc8736x_gpio_open_pc8736x_gpio_configure.c,true,Error,ParseError,"Fatal error: exception Goblint_lib__Maingoblint.FrontendError(""preprocessor terminated with exit code 1: 'cpp' '--std=gn"
c/pthread-driver-races/char_pc8736x_gpio_pc8736x_gpio_open_pc8736x_gpio_current.c,true,Error,ParseError,"Fatal error: exception Goblint_lib__Maingoblint.FrontendError(""preprocessor terminated with exit code 1: 'cpp' '--std=gn"
c/pthread-driver-races/char_pc8736x_gpio_pc8736x_gpio_open_pc8736x_gpio_get.c,true,Error,ParseError,"Fatal error: exception Goblint_lib__Maingoblint.FrontendError(""preprocessor terminated with exit code 1: 'cpp' '--std=gn"
c/pthread-driver-races/char_pc8736x_gpio_pc8736x_gpio_open_pc8736x_gpio_set.c,true,Error,ParseError,"Fatal error: exception Goblint_lib__Maingoblint.FrontendError(""preprocessor terminated with exit code 1: 'cpp' '--std=gn"
c/pthread-ext/01_inc.c,false,Race,Race,
c/pthread-ext/01b_inc.c,true,Safe,Safe,
c/pthread-ext/02_inc_cas.c,true,Safe,Safe,
c/pthread-ext/03_incdec.c,true,Safe,Safe,
c/pthread-ext/04_incdec_cas-race.c,false,Race,Race,
c/pthread-ext/04_incdec_cas.c,true,Race,Safe,
c/pthread-ext/05_tas.c,false,Race,Race,
c/pthread-ext/06_ticket.c,false,Race,Race,
c/pthread-ext/07_rand.c,false,Race,Race,
c/pthread-ext/08_rand_cas-race.c,false,Race,Race,
c/pthread-ext/08_rand_cas.c,true,Race,Race,
c/pthread-ext/09_fmaxsym-race.c,false,Race,Race,
c/pthread-ext/09_fmaxsym-zero.c,true,Race,Race,
c/pthread-ext/09_fmaxsym.c,true,Safe,Safe,
c/pthread-ext/10_fmaxsym_cas.c,false,Race,Race,
c/pthread-ext/11_fmaxsymopt-race.c,false,Race,Race,
c/pthread-ext/11_fmaxsymopt-zero.c,true,Race,Race,
c/pthread-ext/11_fmaxsymopt.c,true,Safe,Safe,
c/pthread-ext/12_fmaxsymopt_cas.c,false,Race,Race,
c/pthread-ext/13_unverif.c,false,Race,Race,
c/pthread-ext/14_spin2003.c,true,Safe,Safe,
c/pthread-ext/17_szymanski.c,false,Race,Race,
c/pthread-ext/18_read_write_lock.c,true,Safe,Safe,
c/pthread-ext/23_lu-fig2.fixed.c,false,Race,Race,
c/pthread-ext/25_stack-race.c,false,Race,Race,
c/pthread-ext/25_stack.c,true,Race,Race,
c/pthread-ext/25_stack_longer-1-race.c,false,Race,Race,
c/pthread-ext/25_stack_longer-1.c,true,Race,Race,
c/pthread-ext/25_stack_longer-2-race.c,false,Race,Race,
c/pthread-ext/25_stack_longer-2.c,true,Race,Race,
c/pthread-ext/25_stack_longest-1-race.c,false,Race,Race,
c/pthread-ext/25_stack_longest-1.c,true,Race,Race,
c/pthread-ext/25_stack_longest-2-race.c,false,Race,Race,
c/pthread-ext/25_stack_longest-2.c,true,Race,Race,
c/pthread-ext/26_stack_cas-race.c,false,Race,Race,
c/pthread-ext/26_stack_cas.c,true,Race,Race,
c/pthread-ext/26_stack_cas_longer-1-race.c,false,Race,Race,
c/pthread-ext/26_stack_cas_longer-1.c,true,Race,Race,
c/pthread-ext/26_stack_cas_longer-2-race.c,false,Race,Race,
c/pthread-ext/26_stack_cas_longer-2.c,true,Race,Race,
c/pthread-ext/26_stack_cas_longest-1-race.c,false,Race,Race,
c/pthread-ext/26_stack_cas_longest-1.c,true,Race,Race,
c/pthread-ext/26_stack_cas_longest-2-race.c,false,Race,Race,
c/pthread-ext/26_stack_cas_longest-2.c,true,Race,Race,
c/pthread-ext/27_Boop_simple_vf.c,false,Race,Race,
c/pthread-ext/28_buggy_simple_loop1_vf.c,true,Safe,Safe,
c/pthread-ext/29_conditionals_vs.c,true,Race,Safe,
c/pthread-ext/30_Function_Pointer3_vs.c,false,Race,Race,
c/pthread-ext/31_simple_loop5_vs.c,true,Safe,Safe,
c/pthread-ext/32_pthread5_vs.c,false,Race,Race,
c/pthread-ext/33_double_lock_p1_vs.c,false,Race,Race,
c/pthread-ext/34_double_lock_p2_vs.c,false,Race,Race,
c/pthread-ext/35_double_lock_p3_vs.c,true,Safe,Safe,
c/pthread-ext/36_stack_cas_p0_vs_concur-race.c,false,Race,Race,
c/pthread-ext/36_stack_cas_p0_vs_concur.c,true,Race,Race,
c/pthread-ext/37_stack_lock_p0_vs_concur-race.c,false,Race,Race,
c/pthread-ext/37_stack_lock_p0_vs_concur.c,true,Race,Race,
c/pthread-ext/38_rand_cas_vs_concur.c,false,Race,Race,
c/pthread-ext/39_rand_lock_p0_vs-b.c,false,Race,Race,
c/pthread-ext/39_rand_lock_p0_vs.c,true,Safe,Safe,
c/pthread-ext/40_barrier_vf-b.c,false,Race,Race,
c/pthread-ext/40_barrier_vf.c,true,Safe,Safe,
c/pthread-ext/41_FreeBSD_abd_kbd_sliced.c,false,Race,Race,
c/pthread-ext/42_FreeBSD_rdma_addr_sliced.c,false,Race,Race,
c/pthread-ext/43_NetBSD_sysmon_power_sliced-pthread.c,true,Race,Safe,
c/pthread-ext/43_NetBSD_sysmon_power_sliced.c,true,Race,Race,
c/pthread-ext/43_NetBSD_sysmon_power_sliced_2.c,false,Race,Race,
c/pthread-ext/44_Solaris_space_map_sliced.c,false,Race,Race,
c/pthread-ext/45_monabsex1_vs-b.c,false,Race,Race,
c/pthread-ext/45_monabsex1_vs.c,true,Safe,Safe,
c/pthread-ext/46_monabsex2_vs-b.c,false,Race,Race,
c/pthread-ext/46_monabsex2_vs.c,true,Safe,Safe,
c/pthread-ext/47_ticket_lock_hc_backoff_vs.c,false,Race,Race,
c/pthread-ext/48_ticket_lock_low_contention_vs-b.c,false,Race,Race,
c/pthread-ext/48_ticket_lock_low_contention_vs-pthread.c,true,Safe,Safe,
c/pthread-ext/48_ticket_lock_low_contention_vs.c,true,Race,Race,
c/pthread-lit/fk2012.c,false,Timeout,Race,
c/pthread-lit/fkp2013-1.c,false,Race,Race,
c/pthread-lit/fkp2013-2.c,false,Race,Race,
c/pthread-lit/fkp2013_variant-1.c,false,Race,Race,
c/pthread-lit/fkp2013_variant-2.c,false,Race,Race,
c/pthread-lit/fkp2014.c,false,Race,Race,
c/pthread-lit/qw2004-1.c,false,Race,Race,
c/pthread-lit/qw2004-2.c,false,Race,Race,
c/pthread-lit/qw2004-2b.c,true,Safe,Safe,
c/pthread-lit/qw2004_variant.c,false,Race,Race,
c/pthread-lit/sssc12.c,true,Race,Race,
c/pthread-lit/sssc12_variant.c,true,Race,Race,
c/pthread-nondet/nondet-array-1.c,false,Race,Race,
c/pthread-nondet/nondet-array-2.c,false,Race,Race,
c/pthread-nondet/nondet-loop-bound-1.c,false,Race,Race,
c/pthread-nondet/nondet-loop-bound-2.c,false,Race,Race,
c/pthread-nondet/nondet-loop-bound-variant-1.c,false,Race,Race,
c/pthread-nondet/nondet-loop-bound-variant-2.c,false,Race,Race,
c/pthread-race-challenges/atomic-gcc.c,true,Safe,Race,
c/pthread-race-challenges/per-thread-array-index-race-2.c,false,Race,Race,
c/pthread-race-challenges/per-thread-array-index-race.c,false,Race,Race,
c/pthread-race-challenges/per-thread-array-index.c,true,Race,Race,
c/pthread-race-challenges/per-thread-array-init-race.c,false,Race,Race,
c/pthread-race-challenges/per-thread-array-init.c,true,Race,Race,
c/pthread-race-challenges/per-thread-array-join-counter-2.c,true,Race,ParseError,"Fatal error: exception Cilfacade.TypeOfError(typeOffset: Index on a non-array (0, union __anonunion_pthread_mutex_t_3354"
c/pthread-race-challenges/per-thread-array-join-counter-race-2.c,false,Race,ParseError,"Fatal error: exception Cilfacade.TypeOfError(typeOffset: Index on a non-array (0, union __anonunion_pthread_mutex_t_3354"
c/pthread-race-challenges/per-thread-array-join-counter-race-3.c,false,Race,ParseError,"Fatal error: exception Cilfacade.TypeOfError(typeOffset: Index on a non-array (0, union __anonunion_pthread_mutex_t_3354"
c/pthread-race-challenges/per-thread-array-join-counter-race-4.c,false,Race,ParseError,"Fatal error: exception Cilfacade.TypeOfError(typeOffset: Index on a non-array (0, union __anonunion_pthread_mutex_t_3354"
c/pthread-race-challenges/per-thread-array-join-counter-race.c,false,Race,ParseError,"Fatal error: exception Cilfacade.TypeOfError(typeOffset: Index on a non-array (0, union __anonunion_pthread_mutex_t_3354"
c/pthread-race-challenges/per-thread-array-join-counter.c,true,Race,ParseError,"Fatal error: exception Cilfacade.TypeOfError(typeOffset: Index on a non-array (0, union __anonunion_pthread_mutex_t_3354"
c/pthread-race-challenges/per-thread-array-ptr-race.c,false,Race,Race,
c/pthread-race-challenges/per-thread-array-ptr.c,true,Race,Race,
c/pthread-race-challenges/per-thread-index-bitmask-race-2.c,false,Race,Race,
c/pthread-race-challenges/per-thread-index-bitmask-race-3.c,false,Race,Race,
c/pthread-race-challenges/per-thread-index-bitmask-race.c,false,Race,Race,
c/pthread-race-challenges/per-thread-index-bitmask.c,true,Race,Race,
c/pthread-race-challenges/per-thread-index-inc-race-2.c,false,Race,Race,
c/pthread-race-challenges/per-thread-index-inc-race.c,false,Race,Race,
c/pthread-race-challenges/per-thread-index-inc.c,true,Race,Race,
c/pthread-race-challenges/per-thread-struct-in-array-race.c,false,Race,Race,
c/pthread-race-challenges/per-thread-struct-in-array.c,true,Race,Race,
c/pthread-race-challenges/per-thread-struct-race.c,false,Race,Race,
c/pthread-race-challenges/per-thread-struct-tid-join.c,true,Race,Race,
c/pthread-race-challenges/per-thread-struct-tid.c,true,Race,Race,
c/pthread-race-challenges/per-thread-struct.c,true,Race,Race,
c/pthread-race-challenges/semaphore-posix-race-2.c,false,Race,Race,
c/pthread-race-challenges/semaphore-posix-race.c,false,Race,Race,
c/pthread-race-challenges/semaphore-posix.c,true,Race,Race,
c/pthread-race-challenges/thread-join-array-const-race-2.c,false,Race,Race,
c/pthread-race-challenges/thread-join-array-const-race-3.c,false,Race,Race,
c/pthread-race-challenges/thread-join-array-const-race.c,false,Race,Race,
c/pthread-race-challenges/thread-join-array-const.c,true,Race,Race,
c/pthread-race-challenges/thread-join-array-dynamic-race-2.c,false,Race,Race,
c/pthread-race-challenges/thread-join-array-dynamic-race-3.c,false,Race,Race,
c/pthread-race-challenges/thread-join-array-dynamic-race.c,false,Race,Race,
c/pthread-race-challenges/thread-join-array-dynamic.c,true,Race,Race,
c/pthread-race-challenges/thread-join-binomial-race-2.c,false,Race,Safe,
c/pthread-race-challenges/thread-join-binomial-race-3.c,false,Race,Timeout,timeout
c/pthread-race-challenges/thread-join-binomial-race.c,false,Race,Timeout,timeout
c/pthread-race-challenges/thread-join-binomial.c,true,Race,Race,
c/pthread-race-challenges/thread-join-counter-inner-2.c,true,Race,Race,
c/pthread-race-challenges/thread-join-counter-inner-3.c,true,Race,Race,
c/pthread-race-challenges/thread-join-counter-inner-race-2.c,false,Race,Race,
c/pthread-race-challenges/thread-join-counter-inner-race-3.c,false,Race,Race,
c/pthread-race-challenges/thread-join-counter-inner-race-4.c,false,Race,Race,
c/pthread-race-challenges/thread-join-counter-inner-race-5.c,false,Race,Race,
c/pthread-race-challenges/thread-join-counter-inner-race.c,false,Race,Race,
c/pthread-race-challenges/thread-join-counter-inner.c,true,Race,Race,
c/pthread-race-challenges/thread-join-counter-outer-race-2.c,false,Race,Race,
c/pthread-race-challenges/thread-join-counter-outer-race-3.c,false,Race,Race,
c/pthread-race-challenges/thread-join-counter-outer-race-4.c,false,Race,Race,
c/pthread-race-challenges/thread-join-counter-outer-race.c,false,Race,Race,
c/pthread-race-challenges/thread-join-counter-outer.c,true,Race,Race,
c/pthread-race-challenges/thread-local-pthread-value-cond.c,true,Race,Race,vulnerable memory locations = 2
c/pthread-race-challenges/thread-local-pthread-value.c,true,Safe,Race,vulnerable memory locations = 2
c/pthread-race-challenges/thread-local-value-cond.c,true,Safe,Race,
c/pthread-race-challenges/thread-local-value-dynamic.c,true,Race,Race,
c/pthread-race-challenges/thread-local-value-race.c,false,Safe,Race,
c/pthread-race-challenges/thread-local-value.c,true,Safe,Safe,
c/pthread-race-challenges/value-barrier-race.c,false,Race,Race,
c/pthread-race-challenges/value-barrier.c,true,Race,Race,
c/pthread-theta/exponential-4.c,true,Safe,Safe,
c/pthread-theta/exponential-64.c,true,Safe,Safe,
c/pthread-theta/exponential-nondet.c,true,Safe,Safe,
c/pthread-theta/unwind1-1.c,true,Safe,Safe,
c/pthread-theta/unwind1-100.c,true,Safe,Safe,
c/pthread-theta/unwind1-nondet.c,true,Safe,Safe,
c/pthread-theta/unwind2-1.c,true,Safe,Safe,
c/pthread-theta/unwind2-100.c,true,Safe,Safe,
c/pthread-theta/unwind2-nondet.c,true,Safe,Safe,
c/pthread-theta/unwind3-1.c,true,Safe,Safe,
c/pthread-theta/unwind3-100.c,true,Safe,Safe,
c/pthread-theta/unwind3-nondet.c,true,Safe,Safe,
c/pthread-theta/wsc.c,true,Safe,Safe,
c/pthread-wmm/mix000.oepc.c,true,Safe,Safe,
c/pthread-wmm/mix000.opt.c,true,Safe,Safe,
c/pthread-wmm/mix001.oepc.c,true,Safe,Safe,
c/pthread-wmm/mix001.opt.c,true,Safe,Safe,
c/pthread-wmm/mix002.oepc.c,true,Safe,Safe,
c/pthread-wmm/mix002.opt.c,true,Safe,Safe,
c/pthread-wmm/mix003.oepc.c,true,Safe,Safe,
c/pthread-wmm/mix003_power.opt_pso.opt_rmo.opt_tso.opt.c,true,Safe,Safe,
c/pthread-wmm/mix004.oepc.c,true,Safe,Safe,
c/pthread-wmm/mix004.opt.c,true,Safe,Safe,
c/pthread-wmm/mix005.opt.c,true,Safe,Safe,
c/pthread-wmm/mix005_power.oepc_pso.oepc_rmo.oepc.c,true,Safe,Safe,
c/pthread-wmm/mix005_tso.oepc.c,true,Safe,Safe,
c/pthread-wmm/mix006.opt.c,true,Safe,Safe,
c/pthread-wmm/mix006_power.oepc_pso.oepc_rmo.oepc.c,true,Safe,Safe,
c/pthread-wmm/mix006_tso.oepc.c,true,Safe,Safe,
c/pthread-wmm/mix007.oepc.c,true,Safe,Safe,
c/pthread-wmm/mix007.opt.c,true,Safe,Safe,
c/pthread-wmm/mix008.opt.c,true,Safe,Safe,
c/pthread-wmm/mix008_power.oepc_pso.oepc_rmo.oepc.c,true,Safe,Safe,
c/pthread-wmm/mix008_tso.oepc.c,true,Safe,Safe,
c/pthread-wmm/mix009.oepc.c,true,Safe,Safe,
c/pthread-wmm/mix009.opt.c,true,Safe,Safe,
c/pthread-wmm/mix010.oepc.c,true,Safe,Safe,
c/pthread-wmm/mix010.opt.c,true,Safe,Safe,
c/pthread-wmm/mix011.opt.c,true,Safe,Safe,
c/pthread-wmm/mix011_power.oepc_pso.oepc_rmo.oepc.c,true,Safe,Safe,
c/pthread-wmm/mix011_tso.oepc.c,true,Safe,Safe,
c/pthread-wmm/mix012_power.oepc_power.opt_pso.oepc_rmo.oepc_rmo.opt_tso.oepc.c,true,Safe,Safe,
c/pthread-wmm/mix012_pso.opt_tso.opt.c,true,Safe,Safe,
c/pthread-wmm/mix013.oepc.c,true,Safe,Safe,
c/pthread-wmm/mix013.opt.c,true,Safe,Safe,
c/pthread-wmm/mix014.opt.c,true,Safe,Safe,
c/pthread-wmm/mix014_power.oepc_pso.oepc_rmo.oepc.c,true,Safe,Safe,
c/pthread-wmm/mix014_tso.oepc.c,true,Safe,Safe,
c/pthread-wmm/mix015.oepc.c,true,Safe,Safe,
c/pthread-wmm/mix015.opt.c,true,Safe,Safe,
c/pthread-wmm/mix016.oepc.c,true,Safe,Safe,
c/pthread-wmm/mix016_power.opt_rmo.opt.c,true,Safe,Safe,
c/pthread-wmm/mix016_pso.opt_tso.opt.c,true,Safe,Safe,
c/pthread-wmm/mix017.oepc.c,true,Safe,Safe,
c/pthread-wmm/mix017_power.opt_rmo.opt.c,true,Safe,Safe,
c/pthread-wmm/mix017_pso.opt_tso.opt.c,true,Safe,Safe,
c/pthread-wmm/mix018.opt.c,true,Safe,Safe,
c/pthread-wmm/mix018_power.oepc_pso.oepc_rmo.oepc.c,true,Safe,Safe,
c/pthread-wmm/mix018_tso.oepc.c,true,Safe,Safe,
c/pthread-wmm/mix019.opt.c,true,Safe,Safe,
c/pthread-wmm/mix019_power.oepc_pso.oepc_rmo.oepc.c,true,Safe,Safe,
c/pthread-wmm/mix019_tso.oepc.c,true,Safe,Safe,
c/pthread-wmm/mix020.oepc.c,true,Safe,Safe,
c/pthread-wmm/mix020.opt.c,true,Safe,Safe,
c/pthread-wmm/mix021.opt.c,true,Safe,Safe,
c/pthread-wmm/mix021_power.oepc_pso.oepc_rmo.oepc.c,true,Safe,Safe,
c/pthread-wmm/mix021_tso.oepc.c,true,Safe,Safe,
c/pthread-wmm/mix022_power.oepc_power.opt_pso.oepc_pso.opt_rmo.oepc_rmo.opt.c,true,Safe,Safe,
c/pthread-wmm/mix022_tso.c,true,Safe,Safe,
c/pthread-wmm/mix023_power.oepc_pso.oepc_rmo.oepc.c,true,Safe,Safe,
c/pthread-wmm/mix023_power.opt_pso.opt_rmo.opt.c,true,Safe,Safe,
c/pthread-wmm/mix023_tso.c,true,Safe,Safe,
c/pthread-wmm/mix024_power.oepc_pso.oepc_rmo.oepc_tso.oepc_tso.opt.c,true,Safe,Safe,
c/pthread-wmm/mix024_power.opt_pso.opt_rmo.opt.c,true,Safe,Safe,
c/pthread-wmm/mix025_power.oepc_power.opt_pso.oepc_rmo.oepc_tso.oepc_tso.opt.c,true,Safe,Safe,
c/pthread-wmm/mix025_pso.opt_rmo.opt.c,true,Safe,Safe,
c/pthread-wmm/mix026.oepc.c,true,Safe,Safe,
c/pthread-wmm/mix026_power.opt_tso.opt.c,true,Safe,Safe,
c/pthread-wmm/mix026_pso.opt_rmo.opt.c,true,Safe,Safe,
c/pthread-wmm/mix027_power.oepc_pso.oepc_rmo.oepc.c,true,Safe,Safe,
c/pthread-wmm/mix027_power.opt_pso.opt_rmo.opt.c,true,Safe,Safe,
c/pthread-wmm/mix027_tso.c,true,Safe,Safe,
c/pthread-wmm/mix028_power.oepc_pso.oepc_rmo.oepc.c,true,Safe,Safe,
c/pthread-wmm/mix028_power.opt_pso.opt_rmo.opt.c,true,Safe,Safe,
c/pthread-wmm/mix028_tso.c,true,Safe,Safe,
c/pthread-wmm/mix029_power.oepc_pso.oepc_rmo.oepc_tso.oepc_tso.opt.c,true,Safe,Safe,
c/pthread-wmm/mix029_power.opt_pso.opt_rmo.opt.c,true,Safe,Safe,
c/pthread-wmm/mix030_power.oepc_pso.oepc_rmo.oepc.c,true,Safe,Safe,
c/pthread-wmm/mix030_power.opt_pso.opt_rmo.opt.c,true,Safe,Safe,
c/pthread-wmm/mix030_tso.c,true,Safe,Safe,
c/pthread-wmm/mix031.oepc.c,true,Safe,Safe,
c/pthread-wmm/mix031.opt.c,true,Safe,Safe,
c/pthread-wmm/mix032.oepc.c,true,Safe,Safe,
c/pthread-wmm/mix032.opt.c,true,Safe,Safe,
c/pthread-wmm/mix033.opt.c,true,Safe,Safe,
c/pthread-wmm/mix033_power.oepc_pso.oepc_rmo.oepc.c,true,Safe,Safe,
c/pthread-wmm/mix033_tso.oepc.c,true,Safe,Safe,
c/pthread-wmm/mix034_power.oepc_power.opt_pso.oepc_rmo.oepc_rmo.opt_tso.oepc.c,true,Safe,Safe,
c/pthread-wmm/mix034_pso.opt_tso.opt.c,true,Safe,Safe,
c/pthread-wmm/mix035.oepc.c,true,Safe,Safe,
c/pthread-wmm/mix035_power.opt_rmo.opt.c,true,Safe,Safe,
c/pthread-wmm/mix035_pso.opt_tso.opt.c,true,Safe,Safe,
c/pthread-wmm/mix036.oepc.c,true,Safe,Safe,
c/pthread-wmm/mix036_power.opt_rmo.opt.c,true,Safe,Safe,
c/pthread-wmm/mix036_pso.opt_tso.opt.c,true,Safe,Safe,
c/pthread-wmm/mix037.opt.c,true,Safe,Safe,
c/pthread-wmm/mix037_power.oepc_pso.oepc_rmo.oepc.c,true,Safe,Safe,
c/pthread-wmm/mix037_tso.oepc.c,true,Safe,Safe,
c/pthread-wmm/mix038.opt.c,true,Safe,Safe,
c/pthread-wmm/mix038_power.oepc_pso.oepc_rmo.oepc.c,true,Safe,Safe,
c/pthread-wmm/mix038_tso.oepc.c,true,Safe,Safe,
c/pthread-wmm/mix039.oepc.c,true,Safe,Safe,
c/pthread-wmm/mix039.opt.c,true,Safe,Safe,
c/pthread-wmm/mix040.opt.c,true,Safe,Safe,
c/pthread-wmm/mix040_power.oepc_pso.oepc_rmo.oepc.c,true,Safe,Safe,
c/pthread-wmm/mix040_tso.oepc.c,true,Safe,Safe,
c/pthread-wmm/mix041_power.oepc_pso.oepc_rmo.oepc.c,true,Safe,Safe,
c/pthread-wmm/mix041_power.opt_pso.opt_rmo.opt_tso.oepc_tso.opt.c,true,Safe,Safe,
c/pthread-wmm/mix042.oepc.c,true,Safe,Safe,
c/pthread-wmm/mix042.opt.c,true,Safe,Safe,
c/pthread-wmm/mix043.oepc.c,true,Safe,Safe,
c/pthread-wmm/mix043.opt.c,true,Safe,Safe,
c/pthread-wmm/mix044.opt.c,true,Safe,Safe,
c/pthread-wmm/mix044_power.oepc_pso.oepc_rmo.oepc.c,true,Safe,Safe,
c/pthread-wmm/mix044_tso.oepc.c,true,Safe,Safe,
c/pthread-wmm/mix045_power.oepc_pso.oepc_rmo.oepc.c,true,Safe,Safe,
c/pthread-wmm/mix045_power.opt_pso.opt_rmo.opt_tso.oepc_tso.opt.c,true,Safe,Safe,
c/pthread-wmm/mix046.oepc.c,true,Safe,Safe,
c/pthread-wmm/mix046.opt.c,true,Safe,Safe,
c/pthread-wmm/mix047_power.oepc_pso.oepc_rmo.oepc.c,true,Safe,Safe,
c/pthread-wmm/mix047_power.opt_pso.opt_rmo.opt_tso.oepc_tso.opt.c,true,Safe,Safe,
c/pthread-wmm/mix048_power.oepc_power.opt_pso.oepc_pso.opt_rmo.oepc_rmo.opt_tso.oepc_tso.opt-podwr000_power.oepc_power.opt_pso.oepc_pso.opt_rmo.oepc_rmo.opt_tso.oepc_tso.opt.c,true,Safe,Safe,
c/pthread-wmm/mix049_power.oepc_power.opt_pso.oepc_pso.opt_rmo.oepc_rmo.opt_tso.oepc_tso.opt-podwr001_power.oepc_power.opt_pso.oepc_pso.opt_rmo.oepc_rmo.opt_tso.oepc_tso.opt.c,true,Safe,Safe,
c/pthread-wmm/mix050.c,true,Safe,Safe,
c/pthread-wmm/mix051_power.oepc_power.opt_pso.oepc_rmo.oepc.c,true,Safe,Safe,
c/pthread-wmm/mix051_pso.opt_rmo.opt_tso.opt.c,true,Safe,Safe,
c/pthread-wmm/mix051_tso.oepc.c,true,Safe,Safe,
c/pthread-wmm/mix052_power.oepc_power.opt_pso.oepc_rmo.oepc.c,true,Safe,Safe,
c/pthread-wmm/mix052_pso.opt_rmo.opt_tso.opt.c,true,Safe,Safe,
c/pthread-wmm/mix052_tso.oepc.c,true,Safe,Safe,
c/pthread-wmm/mix053.opt.c,true,Safe,Safe,
c/pthread-wmm/mix053_power.oepc_pso.oepc_rmo.oepc.c,true,Safe,Safe,
c/pthread-wmm/mix053_tso.oepc.c,true,Safe,Safe,
c/pthread-wmm/mix054_power.oepc_power.opt_pso.oepc_rmo.oepc.c,true,Safe,Safe,
c/pthread-wmm/mix054_pso.opt_rmo.opt_tso.oepc_tso.opt.c,true,Safe,Safe,
c/pthread-wmm/mix055.opt.c,true,Safe,Safe,
c/pthread-wmm/mix055_power.oepc_pso.oepc_rmo.oepc.c,true,Safe,Safe,
c/pthread-wmm/mix055_tso.oepc.c,true,Safe,Safe,
c/pthread-wmm/mix056_power.oepc_pso.oepc_rmo.oepc.c,true,Safe,Safe,
c/pthread-wmm/mix056_power.opt_pso.opt_rmo.opt_tso.oepc_tso.opt.c,true,Safe,Safe,
c/pthread-wmm/mix057_power.oepc_pso.oepc_rmo.oepc.c,true,Safe,Safe,
c/pthread-wmm/mix057_power.opt_pso.opt_rmo.opt_tso.oepc_tso.opt.c,true,Safe,Safe,
c/pthread-wmm/rfi000_power.oepc_pso.oepc_rmo.oepc.c,true,Safe,Safe,
c/pthread-wmm/rfi000_power.opt_pso.opt_rmo.opt.c,true,Safe,Safe,
c/pthread-wmm/rfi000_tso.c,true,Safe,Safe,
c/pthread-wmm/rfi001_power.oepc_pso.oepc_rmo.oepc.c,true,Safe,Safe,
c/pthread-wmm/rfi001_power.opt_pso.opt_rmo.opt_tso.oepc_tso.opt.c,true,Safe,Safe,
c/pthread-wmm/rfi002_power.oepc_power.opt_pso.oepc_pso.opt_rmo.oepc_rmo.opt.c,true,Safe,Safe,
c/pthread-wmm/rfi002_tso.c,true,Safe,Safe,
c/pthread-wmm/rfi003_power.oepc_power.opt_pso.oepc_pso.opt_rmo.oepc_rmo.opt.c,true,Safe,Safe,
c/pthread-wmm/rfi003_tso.c,true,Safe,Safe,
c/pthread-wmm/rfi004.c,true,Safe,Safe,
c/pthread-wmm/rfi005.c,true,Safe,Safe,
c/pthread-wmm/rfi006_power.oepc.c,true,Safe,Safe,
c/pthread-wmm/rfi006_power.opt.c,true,Safe,Safe,
c/pthread-wmm/rfi006_pso.oepc_pso.opt_tso.oepc_tso.opt.c,true,Safe,Safe,
c/pthread-wmm/rfi006_rmo.c,true,Safe,Safe,
c/pthread-wmm/rfi007_power.oepc_power.opt_pso.oepc_pso.opt_rmo.oepc_rmo.opt.c,true,Safe,Safe,
c/pthread-wmm/rfi007_tso.c,true,Safe,Safe,
c/pthread-wmm/rfi008.oepc.c,true,Safe,Safe,
c/pthread-wmm/rfi008.opt.c,true,Safe,Safe,
c/pthread-wmm/rfi009_power.oepc.c,true,Safe,Safe,
c/pthread-wmm/rfi009_power.opt_pso.oepc_pso.opt_rmo.opt_tso.oepc_tso.opt.c,true,Safe,Safe,
c/pthread-wmm/rfi009_rmo.oepc.c,true,Safe,Safe,
c/pthread-wmm/rfi010.c,true,Safe,Safe,
c/pthread-wmm/safe000_power.oepc.c,true,Safe,Safe,
c/pthread-wmm/safe000_power.opt.c,true,Safe,Safe,
c/pthread-wmm/safe000_pso.oepc_pso.opt_tso.oepc_tso.opt.c,true,Safe,Safe,
c/pthread-wmm/safe000_rmo.c,true,Safe,Safe,
c/pthread-wmm/safe001_power.oepc.c,true,Safe,Safe,
c/pthread-wmm/safe001_power.opt_pso.oepc_pso.opt_rmo.opt.c,true,Safe,Safe,
c/pthread-wmm/safe001_rmo.oepc.c,true,Safe,Safe,
c/pthread-wmm/safe001_tso.c,true,Safe,Safe,
c/pthread-wmm/safe002_power.oepc.c,true,Safe,Safe,
c/pthread-wmm/safe002_power.opt_pso.oepc_pso.opt_rmo.opt.c,true,Safe,Safe,
c/pthread-wmm/safe002_rmo.oepc.c,true,Safe,Safe,
c/pthread-wmm/safe002_tso.c,true,Safe,Safe,
c/pthread-wmm/safe003_power.oepc_pso.oepc_pso.opt_rmo.oepc_rmo.opt.c,true,Safe,Safe,
c/pthread-wmm/safe003_power.opt.c,true,Safe,Safe,
c/pthread-wmm/safe003_tso.c,true,Safe,Safe,
c/pthread-wmm/safe004_power.oepc_pso.oepc_rmo.oepc.c,true,Safe,Safe,
c/pthread-wmm/safe004_power.opt_pso.opt_rmo.opt.c,true,Safe,Safe,
c/pthread-wmm/safe004_tso.c,true,Safe,Safe,
c/pthread-wmm/safe005_power.oepc_power.opt_pso.oepc_pso.opt_rmo.oepc_rmo.opt.c,true,Safe,Safe,
c/pthread-wmm/safe005_tso.c,true,Safe,Safe,
c/pthread-wmm/safe006_power.oepc-thin000_power.oepc.c,true,Safe,Safe,
c/pthread-wmm/safe006_power.opt-thin000_power.opt.c,true,Safe,Safe,
c/pthread-wmm/safe006_pso.oepc_pso.opt_tso.oepc_tso.opt-thin000_pso.oepc_pso.opt_tso.oepc_tso.opt.c,true,Safe,Safe,
c/pthread-wmm/safe006_rmo.oepc_rmo.opt-thin000_rmo.oepc_rmo.opt.c,true,Safe,Safe,
c/pthread-wmm/safe007_power.oepc-thin001_power.oepc.c,true,Safe,Safe,
c/pthread-wmm/safe007_power.opt-thin001_power.opt.c,true,Safe,Safe,
c/pthread-wmm/safe007_pso.oepc_pso.opt_tso.oepc_tso.opt-thin001_pso.oepc_pso.opt_tso.oepc_tso.opt.c,true,Safe,Safe,
c/pthread-wmm/safe007_rmo.oepc_rmo.opt-thin001_rmo.oepc_rmo.opt.c,true,Safe,Safe,
c/pthread-wmm/safe008_power.oepc_pso.oepc_pso.opt_rmo.oepc_rmo.opt.c,true,Safe,Safe,
c/pthread-wmm/safe008_power.opt.c,true,Safe,Safe,
c/pthread-wmm/safe008_tso.c,true,Safe,Safe,
c/pthread-wmm/safe009_power.oepc.c,true,Safe,Safe,
c/pthread-wmm/safe009_power.opt.c,true,Safe,Safe,
c/pthread-wmm/safe009_pso.oepc_pso.opt_tso.oepc_tso.opt.c,true,Safe,Safe,
c/pthread-wmm/safe009_rmo.oepc.c,true,Safe,Safe,
c/pthread-wmm/safe009_rmo.opt.c,true,Safe,Safe,
c/pthread-wmm/safe010_power.oepc_power.opt_pso.oepc_pso.opt_rmo.oepc_rmo.opt.c,true,Safe,Safe,
c/pthread-wmm/safe010_tso.c,true,Safe,Safe,
c/pthread-wmm/safe011_power.oepc_pso.oepc_rmo.oepc_rmo.opt.c,true,Safe,Safe,
c/pthread-wmm/safe011_power.opt_pso.opt.c,true,Safe,Safe,
c/pthread-wmm/safe011_tso.c,true,Safe,Safe,
c/pthread-wmm/safe012_power.oepc.c,true,Safe,Safe,
c/pthread-wmm/safe012_power.opt.c,true,Safe,Safe,
c/pthread-wmm/safe012_pso.oepc_pso.opt_rmo.opt.c,true,Safe,Safe,
c/pthread-wmm/safe012_rmo.oepc.c,true,Safe,Safe,
c/pthread-wmm/safe012_tso.c,true,Safe,Safe,
c/pthread-wmm/safe013_power.oepc_power.opt_pso.oepc_pso.opt_rmo.oepc_rmo.opt.c,true,Safe,Safe,
c/pthread-wmm/safe013_tso.c,true,Safe,Safe,
c/pthread-wmm/safe014_power.oepc.c,true,Safe,Safe,
c/pthread-wmm/safe014_power.opt.c,true,Safe,Safe,
c/pthread-wmm/safe014_pso.oepc_pso.opt_tso.oepc_tso.opt.c,true,Safe,Safe,
c/pthread-wmm/safe014_rmo.oepc.c,true,Safe,Safe,
c/pthread-wmm/safe014_rmo.opt.c,true,Safe,Safe,
c/pthread-wmm/safe015_power.oepc.c,true,Safe,Safe,
c/pthread-wmm/safe015_power.opt.c,true,Safe,Safe,
c/pthread-wmm/safe015_pso.oepc_pso.opt_tso.oepc_tso.opt.c,true,Safe,Safe,
c/pthread-wmm/safe015_rmo.c,true,Safe,Safe,
c/pthread-wmm/safe016_power.oepc.c,true,Safe,Safe,
c/pthread-wmm/safe016_power.opt.c,true,Safe,Safe,
c/pthread-wmm/safe016_pso.oepc_pso.opt_tso.oepc_tso.opt.c,true,Safe,Safe,
c/pthread-wmm/safe016_rmo.oepc.c,true,Safe,Safe,
c/pthread-wmm/safe016_rmo.opt.c,true,Safe,Safe,
c/pthread-wmm/safe017_power.oepc_power.opt_pso.oepc_pso.opt_rmo.oepc_rmo.opt.c,true,Safe,Safe,
c/pthread-wmm/safe017_tso.c,true,Safe,Safe,
c/pthread-wmm/safe018_power.oepc.c,true,Safe,Safe,
c/pthread-wmm/safe018_power.opt.c,true,Safe,Safe,
c/pthread-wmm/safe018_pso.oepc_pso.opt_tso.oepc_tso.opt.c,true,Safe,Safe,
c/pthread-wmm/safe018_rmo.oepc.c,true,Safe,Safe,
c/pthread-wmm/safe018_rmo.opt.c,true,Safe,Safe,
c/pthread-wmm/safe019_power.oepc.c,true,Safe,Safe,
c/pthread-wmm/safe019_power.opt.c,true,Safe,Safe,
c/pthread-wmm/safe019_pso.oepc_pso.opt_tso.oepc_tso.opt.c,true,Safe,Safe,
c/pthread-wmm/safe019_rmo.oepc.c,true,Safe,Safe,
c/pthread-wmm/safe019_rmo.opt.c,true,Safe,Safe,
c/pthread-wmm/safe020_power.c,true,Safe,Safe,
c/pthread-wmm/safe020_pso.oepc_pso.opt_tso.oepc_tso.opt.c,true,Safe,Safe,
c/pthread-wmm/safe020_rmo.c,true,Safe,Safe,
c/pthread-wmm/safe021_power.oepc_pso.oepc_rmo.oepc_rmo.opt.c,true,Safe,Safe,
c/pthread-wmm/safe021_power.opt_pso.opt.c,true,Safe,Safe,
c/pthread-wmm/safe021_tso.c,true,Safe,Safe,
c/pthread-wmm/safe022_power.oepc_power.opt_pso.oepc_pso.opt_rmo.oepc_rmo.opt.c,true,Safe,Safe,
c/pthread-wmm/safe022_tso.c,true,Safe,Safe,
c/pthread-wmm/safe023_power.oepc_power.opt_pso.oepc_pso.opt_rmo.oepc_rmo.opt.c,true,Safe,Safe,
c/pthread-wmm/safe023_tso.c,true,Safe,Safe,
c/pthread-wmm/safe024_power.oepc_power.opt_pso.oepc_pso.opt_rmo.oepc_rmo.opt.c,true,Safe,Safe,
c/pthread-wmm/safe024_tso.c,true,Safe,Safe,
c/pthread-wmm/safe025_power.c,true,Safe,Safe,
c/pthread-wmm/safe025_pso.oepc_pso.opt_tso.oepc_tso.opt.c,true,Safe,Safe,
c/pthread-wmm/safe025_rmo.c,true,Safe,Safe,
c/pthread-wmm/safe026_power.oepc_power.opt_pso.oepc_pso.opt_rmo.oepc_rmo.opt.c,true,Safe,Safe,
c/pthread-wmm/safe026_tso.c,true,Safe,Safe,
c/pthread-wmm/safe027_power.oepc.c,true,Safe,Safe,
c/pthread-wmm/safe027_power.opt.c,true,Safe,Safe,
c/pthread-wmm/safe027_pso.oepc_pso.opt_tso.oepc_tso.opt.c,true,Safe,Safe,
c/pthread-wmm/safe027_rmo.c,true,Safe,Safe,
c/pthread-wmm/safe028_power.c,true,Safe,Safe,
c/pthread-wmm/safe028_pso.oepc_pso.opt_tso.oepc_tso.opt.c,true,Safe,Safe,
c/pthread-wmm/safe028_rmo.c,true,Safe,Safe,
c/pthread-wmm/safe029_power.oepc_pso.oepc_rmo.oepc.c,true,Safe,Safe,
c/pthread-wmm/safe029_power.opt_pso.opt_rmo.opt.c,true,Safe,Safe,
c/pthread-wmm/safe029_tso.c,true,Safe,Safe,
c/pthread-wmm/safe030_power.oepc_pso.oepc_rmo.oepc.c,true,Safe,Safe,
c/pthread-wmm/safe030_power.opt_pso.opt_rmo.opt.c,true,Safe,Safe,
c/pthread-wmm/safe030_tso.c,true,Safe,Safe,
c/pthread-wmm/safe031_power.oepc_pso.oepc_rmo.oepc.c,true,Safe,Safe,
c/pthread-wmm/safe031_power.opt_pso.opt_rmo.opt.c,true,Safe,Safe,
c/pthread-wmm/safe031_tso.c,true,Safe,Safe,
c/pthread-wmm/safe032_power.oepc_power.opt_pso.oepc_pso.opt_rmo.oepc_rmo.opt.c,true,Safe,Safe,
c/pthread-wmm/safe032_tso.c,true,Safe,Safe,
c/pthread-wmm/safe033_power.oepc_power.opt_pso.oepc_pso.opt_rmo.oepc_rmo.opt.c,true,Safe,Safe,
c/pthread-wmm/safe033_tso.c,true,Safe,Safe,
c/pthread-wmm/safe034_power.oepc_power.opt_pso.oepc_pso.opt_rmo.oepc_rmo.opt.c,true,Safe,Safe,
c/pthread-wmm/safe034_tso.c,true,Safe,Safe,
c/pthread-wmm/safe035_power.c,true,Safe,Safe,
c/pthread-wmm/safe035_pso.oepc_pso.opt_rmo.oepc_rmo.opt_tso.oepc_tso.opt.c,true,Safe,Safe,
c/pthread-wmm/safe036.c,true,Safe,Safe,
c/pthread-wmm/safe037.c,true,Safe,Safe,
c/pthread-wmm/thin002_power.oepc.c,true,Safe,Safe,
c/pthread-wmm/thin002_power.opt.c,true,Safe,Safe,
c/pthread-wmm/thin002_pso.oepc_pso.opt_tso.oepc_tso.opt.c,true,Safe,Safe,
c/pthread-wmm/thin002_rmo.c,true,Safe,Safe,
c/pthread/bigshot_p.c,false,Race,Race,
c/pthread/bigshot_s.c,true,Race,Race,
c/pthread/bigshot_s2.c,true,Race,Race,
c/pthread/butterfly.c,true,Safe,Safe,
c/pthread/fib_safe-10-racy.i,false,Race,Race,
c/pthread/fib_safe-10.c,true,Safe,Safe,
c/pthread/fib_safe-11-racy.i,false,Race,Race,
c/pthread/fib_safe-11.c,true,Safe,Safe,
c/pthread/fib_safe-12-racy.i,false,Race,Race,
c/pthread/fib_safe-12.c,true,Safe,Safe,
c/pthread/fib_safe-5-racy.i,false,Race,Race,
c/pthread/fib_safe-5.c,true,Safe,Safe,
c/pthread/fib_safe-6-racy.i,false,Race,Race,
c/pthread/fib_safe-6.c,true,Safe,Safe,
c/pthread/fib_safe-7-racy.i,false,Race,Race,
c/pthread/fib_safe-7.c,true,Safe,Safe,
c/pthread/fib_unsafe-10-racy.i,false,Race,Race,
c/pthread/fib_unsafe-10.c,true,Safe,Safe,
c/pthread/fib_unsafe-11-racy.i,false,Race,Race,
c/pthread/fib_unsafe-11.c,true,Safe,Safe,
c/pthread/fib_unsafe-12-racy.i,false,Race,Race,
c/pthread/fib_unsafe-12.c,true,Safe,Safe,
c/pthread/fib_unsafe-5-racy.i,false,Race,Race,
c/pthread/fib_unsafe-5.c,true,Safe,Safe,
c/pthread/fib_unsafe-6-racy.i,false,Race,Race,
c/pthread/fib_unsafe-6.c,true,Safe,Safe,
c/pthread/fib_unsafe-7-racy.i,false,Race,Race,
c/pthread/fib_unsafe-7.c,true,Safe,Safe,
c/pthread/indexer.c,false,Race,Race,
c/pthread/lazy01.c,true,Safe,Safe,
c/pthread/queue.c,true,Race,Safe,
c/pthread/queue_longer.c,true,Race,Safe,
c/pthread/queue_longest.c,true,Race,Safe,
c/pthread/queue_ok.c,true,Race,Safe,
c/pthread/queue_ok_longer.c,true,Race,Safe,
c/pthread/queue_ok_longest.c,true,Race,Safe,
c/pthread/reorder_2-race.c,false,Race,Race,
c/pthread/reorder_2.c,true,Safe,Safe,
c/pthread/reorder_5-race.c,false,Race,Race,
c/pthread/reorder_5.c,true,Safe,Safe,
c/pthread/sigma.c,false,Race,Race,
c/pthread/singleton-b.c,false,Race,Race,
c/pthread/singleton.c,true,Race,Race,
c/pthread/singleton_with-uninit-problems-b.c,false,Race,Race,
c/pthread/singleton_with-uninit-problems.c,true,Race,Race,
c/pthread/stack-1.c,true,Safe,Safe,
c/pthread/stack-2.c,true,Safe,Safe,
c/pthread/stack_longer-1.c,true,Safe,Safe,
c/pthread/stack_longer-2.c,true,Safe,Safe,
c/pthread/stack_longest-1.c,true,Safe,Safe,
c/pthread/stack_longest-2.c,true,Safe,Safe,
c/pthread/stateful01-1.c,true,Safe,Race,
c/pthread/stateful01-2.c,true,Safe,Race,
c/pthread/sync01.c,true,Race,Race,
c/pthread/triangular-1.c,true,Safe,Safe,
c/pthread/triangular-2.c,true,Safe,Safe,
c/pthread/triangular-longer-1.c,true,Safe,Safe,
c/pthread/triangular-longer-2.c,true,Safe,Safe,
c/pthread/triangular-longest-1.c,true,Safe,Safe,
c/pthread/triangular-longest-2.c,true,Safe,Safe,
c/pthread/twostage_3-race.c,false,Race,Race,
c/pthread/twostage_3.c,true,Safe,Race,
c/weaver/array-eq-symm.wvr.c,true,Race,Race,
c/weaver/array-eq-trans.wvr.c,true,Race,Race,
c/weaver/bench-exp1x3.wvr.c,true,Safe,Race,
c/weaver/bench-exp2x3.wvr.c,true,Safe,Race,
c/weaver/bench-exp2x4.wvr.c,true,Safe,Race,
c/weaver/bench-exp2x6.wvr.c,true,Safe,Race,
c/weaver/bench-exp2x9.wvr.c,true,Safe,Race,
c/weaver/bench-exp3x3-opt.wvr.c,true,Safe,Race,
c/weaver/bench-exp3x3.wvr.c,true,Safe,Race,
c/weaver/chl-array-int-subst.wvr.c,true,Race,Race,
c/weaver/chl-array-int-symm.wvr.c,true,Race,Race,
c/weaver/chl-array-int-trans.wvr.c,true,Race,Race,
c/weaver/chl-chromosome-opt-symm.wvr.c,true,Race,Race,
c/weaver/chl-chromosome-subst.wvr.c,true,Race,Race,
c/weaver/chl-chromosome-symm.wvr.c,true,Race,Race,
c/weaver/chl-chromosome-trans.wvr.c,true,Race,Race,
c/weaver/chl-collitem-subst.wvr.c,true,Safe,Race,
c/weaver/chl-collitem-symm.wvr.c,true,Safe,Race,
c/weaver/chl-collitem-trans.wvr.c,true,Safe,Race,
c/weaver/chl-exp-term-subst.wvr.c,true,Safe,Race,
c/weaver/chl-exp-term-symm.wvr.c,true,Safe,Race,
c/weaver/chl-file-item-subst.wvr.c,true,Safe,Race,
c/weaver/chl-file-item-symm.wvr.c,true,Safe,Race,
c/weaver/chl-file-item-trans.wvr.c,true,Safe,Race,
c/weaver/chl-match-subst.wvr.c,true,Safe,Race,
c/weaver/chl-match-symm.wvr.c,true,Safe,Race,
c/weaver/chl-match-trans.wvr.c,true,Safe,Race,
c/weaver/chl-name-comparator-subst.wvr.c,true,Race,Race,
c/weaver/chl-name-comparator-symm.wvr.c,true,Race,Race,
c/weaver/chl-name-comparator-trans.wvr.c,true,Race,Race,
c/weaver/chl-node-subst.wvr.c,true,Race,Race,
c/weaver/chl-node-symm.wvr.c,true,Race,Race,
c/weaver/chl-node-trans.wvr.c,true,Race,Race,
c/weaver/chl-nzb-file-subst.wvr.c,true,Race,Race,
c/weaver/chl-nzb-file-symm.wvr.c,true,Race,Race,
c/weaver/chl-nzb-file-trans.wvr.c,true,Race,Race,
c/weaver/chl-poker-hand-subst.wvr.c,true,Safe,Race,
c/weaver/chl-poker-hand-symm.wvr.c,true,Safe,Race,
c/weaver/chl-poker-hand-trans.wvr.c,true,Safe,Race,
c/weaver/chl-simpl-str-subst.wvr.c,true,Safe,Race,
c/weaver/chl-simpl-str-symm.wvr.c,true,Safe,Race,
c/weaver/chl-simpl-str-trans.wvr.c,true,Safe,Race,
c/weaver/chl-sre-subst.wvr.c,true,Safe,Race,
c/weaver/chl-sre-symm.wvr.c,true,Safe,Race,
c/weaver/chl-sre-trans.wvr.c,true,Safe,Race,
c/weaver/chl-time-subst.wvr.c,true,Safe,Race,
c/weaver/chl-time-symm.wvr.c,true,Safe,Race,
c/weaver/chl-time-trans.wvr.c,true,Safe,Race,
c/weaver/chl-word-subst.wvr.c,true,Race,Race,
c/weaver/chl-word-symm.wvr.c,true,Race,Race,
c/weaver/chl-word-trans.wvr.c,true,Race,Race,
c/weaver/clever.wvr.c,true,Safe,Race,
c/weaver/fibonacci.wvr.c,true,Safe,Race,
c/weaver/loop-tiling-eq.wvr.c,true,Race,Race,
c/weaver/mult-comm.wvr.c,true,Safe,Race,
c/weaver/mult-dist.wvr.c,true,Safe,Race,
c/weaver/mult-flipped-dist.wvr.c,true,Safe,Race,
c/weaver/parallel-bakery-2.wvr.c,true,Safe,Safe,
c/weaver/parallel-bakery-3.wvr.c,true,Safe,Safe,
c/weaver/parallel-bakery-4.wvr.c,true,Safe,Safe,
c/weaver/parallel-barrier-loop.wvr.c,true,Race,Safe,
c/weaver/parallel-barrier.wvr.c,true,Race,Safe,
c/weaver/parallel-bluetooth.wvr.c,true,Safe,Safe,
c/weaver/parallel-lamport.wvr.c,true,Unknown,Safe,
c/weaver/parallel-min-max-1.wvr.c,true,Unknown,Safe,
c/weaver/parallel-misc-1.wvr.c,true,Race,Race,
c/weaver/parallel-misc-2-unrolled-atomic.wvr.c,true,Safe,Race,
c/weaver/parallel-misc-2-unrolled.wvr.c,true,Safe,Safe,
c/weaver/parallel-misc-2.wvr.c,true,Safe,Safe,
c/weaver/parallel-misc-3-extended.wvr.c,true,Safe,Safe,
c/weaver/parallel-misc-3.wvr.c,true,Safe,Safe,
c/weaver/parallel-misc-4.wvr.c,true,Safe,Safe,
c/weaver/parallel-misc-5.wvr.c,true,Safe,Safe,
c/weaver/parallel-parallel-sum-1-dsl.wvr.c,true,Race,Race,
c/weaver/parallel-parallel-sum-1.wvr.c,true,Safe,Race,
c/weaver/parallel-parallel-sum-2.wvr.c,true,Race,Race,
c/weaver/parallel-parallel-sum-equiv.wvr.c,true,Race,Race,
c/weaver/parallel-simple-equiv.wvr.c,true,Safe,Race,
c/weaver/parallel-ticket-2.wvr.c,true,Safe,Safe,
c/weaver/parallel-ticket-3.wvr.c,true,Safe,Safe,
c/weaver/parallel-ticket-4.wvr.c,true,Safe,Safe,
c/weaver/parallel-ticket-5.wvr.c,true,Safe,Safe,
c/weaver/parallel-ticket-6.wvr.c,true,Safe,Safe,
c/weaver/parallel-ticket-7.wvr.c,true,Safe,Safe,
c/weaver/parallel-ticket-8.wvr.c,true,Safe,Safe,
c/weaver/popl20-bad-buffer-mult-alt.wvr.c,true,Safe,Race,
c/weaver/popl20-bad-buffer-mult-alt2.wvr.c,true,Safe,Race,
c/weaver/popl20-bad-buffer-mult-alt3.wvr.c,true,Safe,Race,
c/weaver/popl20-bad-commit-1.wvr-bad.c,true,Safe,Race,
c/weaver/popl20-bad-commit-2.wvr-bad.c,true,Safe,Race,
c/weaver/popl20-bad-counter-queue.wvr.c,true,Unknown,Safe,
c/weaver/popl20-bad-counter-queue2.wvr.c,true,Safe,Race,
c/weaver/popl20-bad-dot-product-alt.wvr.c,true,Race,Race,
c/weaver/popl20-bad-dot-product.wvr.c,true,Race,Race,
c/weaver/popl20-bad-ring-nondet.wvr.c,true,Race,Race,
c/weaver/popl20-bad-ring.wvr.c,true,Race,Race,
c/weaver/popl20-bad-threaded-sum-2.wvr.c,true,Safe,Race,
c/weaver/popl20-bad-three-array-sum-alt.wvr.c,true,Race,Race,
c/weaver/popl20-channel-sum.wvr.c,true,Race,Race,
c/weaver/popl20-commit-1.wvr.c,true,Safe,Race,
c/weaver/popl20-commit-2.wvr.c,true,Safe,Race,
c/weaver/popl20-counter-determinism.wvr.c,true,Safe,Safe,
c/weaver/popl20-counter-fun.wvr.c,true,Safe,Race,
c/weaver/popl20-difference-det.wvr.c,true,Safe,Safe,
c/weaver/popl20-figure1-alt.wvr.c,true,Safe,Safe,
c/weaver/popl20-figure1.wvr.c,true,Safe,Safe,
c/weaver/popl20-figure3.wvr.c,true,Safe,Safe,
c/weaver/popl20-horseshoe.wvr.c,true,Race,Race,
c/weaver/popl20-min-max-dec.wvr.c,true,Unknown,Safe,
c/weaver/popl20-min-max-inc-dec.wvr.c,true,Unknown,Safe,
c/weaver/popl20-min-max-inc.wvr.c,true,Unknown,Safe,
c/weaver/popl20-more-array-sum-alt.wvr.c,true,Race,Race,
c/weaver/popl20-more-array-sum-alt2.wvr.c,true,Safe,Race,
c/weaver/popl20-more-array-sum.wvr.c,true,Race,Race,
c/weaver/popl20-more-array-sum2.wvr.c,true,Safe,Race,
c/weaver/popl20-more-buffer-mult.wvr.c,true,Safe,Race,
c/weaver/popl20-more-buffer-mult2.wvr.c,true,Safe,Race,
c/weaver/popl20-more-buffer-mult3.wvr.c,true,Safe,Race,
c/weaver/popl20-more-buffer-series.wvr.c,true,Safe,Race,
c/weaver/popl20-more-buffer-series2.wvr.c,true,Safe,Race,
c/weaver/popl20-more-buffer-series3.wvr.c,true,Safe,Race,
c/weaver/popl20-more-dec-subseq.wvr.c,true,Race,Race,
c/weaver/popl20-more-inc-subseq.wvr.c,true,Race,Race,
c/weaver/popl20-more-max-array-hom.wvr.c,true,Safe,Race,
c/weaver/popl20-more-max-array.wvr.c,true,Safe,Race,
c/weaver/popl20-more-min-array-hom.wvr.c,true,Safe,Race,
c/weaver/popl20-more-min-array.wvr.c,true,Safe,Race,
c/weaver/popl20-more-min-le-max.wvr.c,true,Safe,Race,
c/weaver/popl20-more-mts.wvr.c,true,Race,Race,
c/weaver/popl20-more-multiply-verify.wvr.c,true,Race,Race,
c/weaver/popl20-more-nonblocking-counter-alt2.wvr.c,true,Safe,Race,
c/weaver/popl20-more-parray-copy.wvr.c,false,Race,Race,
c/weaver/popl20-more-queue-add-2-nl.wvr.c,true,Race,Race,
c/weaver/popl20-more-queue-add-3-nl.wvr.c,true,Race,Race,
c/weaver/popl20-more-sorted.wvr.c,true,Race,Race,
c/weaver/popl20-more-sum-array-hom.wvr.c,true,Race,Race,
c/weaver/popl20-more-vector-add.wvr.c,true,Race,Race,
c/weaver/popl20-mult-4.wvr.c,true,Safe,Race,
c/weaver/popl20-mult-equiv.wvr.c,true,Safe,Race,
c/weaver/popl20-nonblocking-cntr-alt.wvr.c,true,Safe,Race,
c/weaver/popl20-nonblocking-cntr.wvr.c,true,Safe,Race,
c/weaver/popl20-prod-cons-eq.wvr.c,true,Race,Race,
c/weaver/popl20-prod-cons.wvr.c,true,Safe,Race,
c/weaver/popl20-prod-cons3.wvr.c,true,Safe,Race,
c/weaver/popl20-proofs-counter-add-4-semi-Q67.wvr.c,true,Safe,Race,
c/weaver/popl20-queue-add-2.wvr.c,true,Race,Race,
c/weaver/popl20-queue-add-3.wvr.c,true,Race,Race,
c/weaver/popl20-send-receive-alt.wvr.c,true,Safe,Race,
c/weaver/popl20-send-receive.wvr.c,true,Safe,Safe,
c/weaver/popl20-simple-array-sum.wvr.c,true,Unknown,Race,
c/weaver/popl20-simple-queue.wvr.c,true,Safe,Race,
c/weaver/popl20-threaded-sum-3.wvr.c,true,Safe,Race,
c/weaver/popl20-three-array-max.wvr.c,true,Race,Race,
c/weaver/popl20-three-array-min.wvr.c,true,Race,Race,
c/weaver/popl20-three-array-sum.wvr.c,true,Race,Race,
c/weaver/popl20-two-queue.wvr.c,true,Race,Race,
c/weaver/security.wvr.c,true,Safe,Race,
c/weaver/spaghetti.wvr.c,true,Safe,Safe,
c/weaver/test-context1.wvr.c,true,Safe,Race,
c/weaver/test-easy1.wvr.c,true,Safe,Race,
c/weaver/test-easy10.wvr.c,true,Safe,Safe,
c/weaver/test-easy11.wvr.c,true,Safe,Safe,
c/weaver/test-easy6.wvr.c,true,Safe,Safe,
c/weaver/test-easy7.wvr.c,true,Safe,Race,
c/weaver/test-easy8.wvr.c,true,Safe,Race,
c/weaver/test-hard1.wvr.c,true,Safe,Race,
c/weaver/test-semi1.wvr.c,true,Safe,Safe,
c/weaver/unroll-2.wvr.c,true,Race,Race,
c/weaver/unroll-3.wvr.c,true,Race,Race,
c/weaver/unroll-4.wvr.c,true,Race,Race,
c/weaver/unroll-5.wvr.c,true,Race,Race,
c/weaver/unroll-cond-2.wvr.c,true,Race,Race,
c/weaver/unroll-cond-3.wvr.c,true,Race,Race,
c/weaver/unroll-cond-4.wvr.c,true,Race,Race,
c/weaver/unroll-cond-5.wvr.c,true,Race,Race,
